Leong Xin Nan,Tesco,2021-01-14 13:04:04
Leong Xin Nan,Tesco,2021-01-14 13:05:30
Leong Xin Nan,1Utama,2021-01-14 13:05:34
Arif Bakar,Aeon,2021-01-14 13:06:04
Arif Bakar,Tesco,2021-01-14 13:06:13
Shuhail Azri,Aeon,2021-01-13 23:37:09
Leong Xin Nan,Aeon,2021-01-14 08:54:02
Siti Maysarah,Jusco,2021-01-14 06:22:48
Siti Maysarah,Aeon,2021-01-14 12:36:43
Leong Xin Nan,Jusco,2021-01-14 10:48:09
Azrul Mutu,Tesco,2021-01-14 05:02:57
Azrul Mutu,1Utama,2021-01-14 02:55:44
Shuhail Azri,Tesco,2021-01-13 16:39:22
Leong Xin Nan,Aeon,2021-01-14 08:00:28
Arif Bakar,Jusco,2021-01-13 21:35:22
Leong Xin Nan,Jusco,2021-01-14 05:26:26
Siti Maysarah,Jusco,2021-01-13 19:55:06
Azrul Mutu,Jusco,2021-01-13 19:13:43
Ali bin Abu,Tesco,2021-01-14 12:32:01
Arif Bakar,Tesco,2021-01-14 12:32:55
Leong Xin Nan,Aeon,2021-01-14 00:38:28
Arif Bakar,1Utama,2021-01-13 21:24:18
Siti Maysarah,1Utama,2021-01-13 17:16:51
Siti Maysarah,1Utama,2021-01-14 04:40:48
Arif Bakar,1Utama,2021-01-13 20:39:32
Siti Maysarah,1Utama,2021-01-13 23:53:30
Azrul Mutu,Tesco,2021-01-13 19:14:13
Siti Maysarah,Jusco,2021-01-13 19:53:44
Shuhail Azri,Tesco,2021-01-14 05:11:03
Shuhail Azri,1Utama,2021-01-14 12:16:23
Leong Xin Nan,Tesco,2021-01-13 23:19:09
Shuhail Azri,1Utama,2021-01-14 11:16:20
Azrul Mutu,1Utama,2021-01-13 17:19:43
Siti Maysarah,Aeon,2021-01-13 22:48:53
Ali bin Abu,1Utama,2021-01-14 07:05:02
